{"_runtime":0,"acc":0.7509393017305377,"loss":0.2246181961464761,"_timestamp":1.7715095262609015e+09,"_step":7,"_wandb":{"runtime":0}}